<?xml version="1.0" encoding="utf-8"?>
<extension type="plugin" version="2.5" method="upgrade" group="hikashop">
	<name>Hikashop Paylike Status Plugin</name>
	<creationDate>30 August 2019</creationDate>
	<version>1.0.0</version>
	<author>Paylike</author>
	<authorEmail>hello@paylike.io</authorEmail>
	<authorUrl>https://paylike.io</authorUrl>
	<copyright>(C) 2019-2022 PAYLIKE. All rights reserved.</copyright>
	<license>http://www.gnu.org/licenses/gpl-2.0.html GNU/GPL</license>
	<description>This plugin enables you to make massactions on orders</description>
	<files>
		<filename plugin="paylikestatus">paylikestatus.php</filename>
	</files>
</extension>
