<?xml version="1.0" encoding="utf-8"?>
<extension type="plugin" version="2.5" method="upgrade" group="hikashop">
	<name>Hikashop Paylike Status Plugin</name>
	<creationDate>7 Aug 2019</creationDate>
	<version>4.2.2</version>
	<author>Hikashop</author>
	<authorEmail>pdorei@gmail.com</authorEmail>
	<authorUrl>http://www.hikashop.com</authorUrl>
	<copyright>(C) 2010-2019 HIKARI SOFTWARE. All rights reserved.</copyright>
	<license>http://www.gnu.org/licenses/gpl-2.0.html GNU/GPL</license>
	<description>This plugin enables you to make massactions on orders</description>
	<files>
		<filename plugin="paylikestatus">paylikestatus.php</filename>
	</files>
</extension>
