<?xml version="1.0" encoding="utf-8"?>
<extension type="plugin" version="2.5" method="upgrade" group="hikashoppayment">
	<name>Hikashop Paylike Payment Plugin</name>
	<creationDate>30 August 2019</creationDate>
	<version>1.2.0</version>
	<author>Paylike</author>
	<authorEmail>hello@paylike.io</authorEmail>
	<authorUrl>https://paylike.io</authorUrl>
	<copyright>(C) 2019-2022 PAYLIKE. All rights reserved.</copyright>
	<license>http://www.gnu.org/licenses/gpl-2.0.html GNU/GPL</license>
	<description>This plugin enables you to setup your Check payment system</description>
	<files>
		<filename plugin="paylike">paylike.php</filename>
		<filename>index.html</filename>
		<filename>paylike_configuration.php</filename>
		<filename>paylike_end.php</filename>
		<filename>paylike.sql</filename>
		<filename>uninstall.paylike.sql</filename>
		<filename>composer.lock</filename>
		<filename>composer.json</filename>
		<folder>Paylike</folder>
		<folder>vendor</folder>
		<folder>helpers</folder>
	</files>
	<install>
		<sql>
			<file driver="mysql" charset="utf8">paylike.sql</file>
		</sql>
	</install>
	<uninstall>
		<sql>
			<file driver="mysql" charset="utf8">uninstall.paylike.sql</file>
		</sql>
	</uninstall>
	<languages>
        <language tag="en-GB">en-GB.plg_hikashoppayment_paylike.ini</language>
		<language tag="en-GB">en-GB.plg_hikashoppayment_paylike.sys.ini</language>
    </languages>
	<params addpath="/components/com_hikashop/params">
		<param name="pluginoptions" type="pluginoptions" default="plugin" label="hikashop" description="HikaShop options" />
	</params>
	<config>
		<fields name="params" addfieldpath="/components/com_hikashop/fields">
			<fieldset name="basic">
				<field id="pluginoptions" name="pluginoptions" type="pluginoptions" label="hikashop" description="HikaShop options" />
			</fieldset>
		</fields>
	</config>
</extension>
